WORD_SLOT1	WORD_SLOT2
белая	бумага
чист	слеза
чистыми	стеклышко
голым	сокол
стара	мир
алый	кровь
бледное	полотно
страшная	медуза
страшная	медуза
необходимо	воздух
проста	праздник
гибка	тростник
довольный	слон
нежна	цветочек
довольный	слон
чист	слеза
чистой	слеза
необходимы	воздух
чёрным	смоль
коварный	волк
лёгонькие	пушинка
стара	мир
старо	мир
стар	мир
белым	мука
старого	мир
необходимы	воздух
силен	бык
извилист	каракуль
старо	мир
тупая	валенок
доволен	слон
бел	снег
бел	снег
свободна	птица
свободна	птица
свободна	птица
свободна	птица
свободна	птица
свободна	птица
изменчив	черт
недостижимо	солнце
довольный	слон
стары	мир
липкие	карамель
разукрашенная	кукла
деятельная	пчела
неуклюж	слон
довoльный	слон
гладкая	кость
старо	мир
стары	мир
проста	сноуборд
сухие	солома
раздутые	вата
необходима	воздух
живучий	кошка
гладкой	зеркало
бледная	смерть
счастлива	суслик
белые	снег
белое	снег
вольна	птица
вольна	птица
твердыми	скала
черных	смоль
доволен	слон
старой	мир
многогранна	бриллиант
черными	смоль
нужны	воздух
древняя	мир
выжатый	лимон
жестким	подметка
спокоен	удав
наглый	танк
сладкими	пастила
довольна	удав
прозрачны	хрусталь
стары	мир
чистые	хрусталь
стары	мир
твёрдым	сталь
грубое	доска
доволен	слон
стара	сноуборд
ярких	букет
стар	мир
красный	рак
мокрым	мышь
тягучим	смола
мудрой	мать-земля
твердыми	камень
старых	мир
одинокий	король
необходима	вода
страшный	чудо-юдо
тягучим	жвачка
стара	мир
доволен	слон
белыми	свет
черные	уголь
красное	кровь
древним	мир
бодрый	огурчик
прямая	стрела
стара	мир
легки	перышко
гибки	лоза
необходима	воздух
доволен	слон
шершавым	наждачка
плоскими	лист
старо	мир
выжитыми	лимон
тонкими	бумага
стара	мир
ласков	котенок
древний	мир
старая	мир
тупой	стол
тоненький	тростинка
необходимы	воздух
блудлив	кот
труслив	заяц
блудлив	кот
труслив	заяц
наглый	обезьяна
старых	мир
доволен	слон
стара	мир
нужны	воздух
сухой	стеклышко
чист	младенец
голубой	небо
зелёный	листва
прозрачное	стекло
холодной	лёд
красив	бог
тонкие	бумага
мягкий	пух
твердый	кость
холодный	сталь
глубокими	небо
доволен	слон
звонкого	лед
суетлив	муравейник
крепкий	хвост у моржа
стар	мир
довольный	слон
необходим	воздух
довольная	слон
веселый	бабка с семечками
суетлив	муравейник
красивая	кукла
доволен	слон
старому	мир
старо	мир
доволен	кот
черный	нефть
мудр	друид
стары	мир
надежна	скала
выжатый	лимон
нужна	воздух
необходимая	воздух
инфантилен	ребенок
бледен	смерть
яркая	солнышко
красным	рак
белый	мел
слеп	щенок
тупой	дятел
твердым	камень
зеленой	лоза
длинный	жердь
стары	мир
прозрачное	слеза
необходим	воздух
текучая	вода
старо	мир
нужного	воздух
жидкий	вода
натянутой	струна
пустая	ведро
стройной	газель
быстрая	ветер
холодный	лед
яркий	солнце
бездонных	океан
белых	снег
загадочный	ночь
страшна	смерть
драная	хвост у твоей собаки
стара	мир
старая	мир
старо	мир
благодушен	слон
белой	снег
белый	мел
смелый	лев
черный	смоль
нужен	воздух
горькая	коньяк
пенистая	шампанское
сладкая	персик
сладкая	персик
пенистая	шампанское
горькая	коньяк
яркая	оперение колибри
элегантная	цветок орхидеи
быстрые	молния
холодна	рыба
легки	пенопласт
пьян	свинья
дырявые	решето
твердая	орёх
вечная	мир
ясен	день
твердый	камень
нежный	ребенок
древним	мир
черная	смоль
призрачным	тень
старого	мир
стары	мир
старой	мир
тупа	пробка
белом	снег
мягкий	пух
древняя	мир
пьян	сапожник
синими	океан
доволен	слон
трезв	стекло
черный	пистолет
выжата	лимон
упрям	баран
прост	жизнь
воздушный	вуаль
худая	щепка
горячим	вулкан
твёрдый	сталь
твердый	камень
старого	мир
загадочный	ночь
загадочный	ночь
загадочный	ночь
загадочный	ночь
загадочный	ночь
острые	стрела
злой	черт
злой	черт
прозрачная	слеза
тоненьким	шёлк
черные	уголь
стары	мир
сладка	сахар
черных	смоль
белом	снег
старый	мир
худой	щепка
вогнутый	миска
прямая	струна
здоров	огурчик
здоров	огурец
черного	смоль
сладкая	сахар
тоненькие	ниточка
чист	стеклышко
старо	мир
острым	бритва
старо	мир
маленький	песчинка
доволен	слон
трезвый	стеклышко
хмурый	туча
твердым	доска
стары	мир
старая	мир
старый	мир
простой	кувалда
хитрым	лиса
внезапным	леопард
нужного	воздух
разные	небо и земля
слабы	цыпленок
твердой	камень
старая	мир
мудрым	дракон
огромной	небо
стар	мир
важен	воздух
стара	мир
старо	мир
рассыпчатая	пух
черна	уголь
чёрной	нефть
доволен	слон
плоская	доска
глубокие	море
тихая	мышь
довольна	слон
старая	мир
стары	мир
стары	мир
белый	мел
быстрого	ветер
холодными	лед
необходима	воздух
древним	мир
здоров	бык
необходима	хлеб
необходмым	воздух
сморщенная	гриб
тощая	скелет
страшный	черт
свободна	птица
резкие	понос
резкие	понос
надежный	скала
голоден	волк
упрям	осел
черные	ад
черные	смоль
стара	мир
влюблена	кошка
ветреный	француз
пытливый	англичанин
белого	снег
худая	палка
жирная	боров
жирная	боров
старо	мир
довольна	слон
прямому	стрела
нужна	воздух
нужны	воздух
легкой	воздух
доволен	слон
белой	снег
твердый	скала
мягкая	пух
твердых	камень
старые	мир
нужна	воздух
прямых	стрела
стар	мир
злой	собака
древнюю	говно
довольна	слон
стары	мир
злая	собака
здоровый	бык
элегантный	цветок лилии
чиста	вода
здоров	бык
закланный	агнец
синие	море
нужна	воздух
старо	мир
здоровый	бык
необходима	воздух
необходима	воздух
стара	мир
трезв	стеклышко
блудив	кот
твердый	камень
гладкое	зеркало
хрупкий	стекло
твердый	алмаз
необходим	воздух
простой	полено
ярких	букет
голодной	волк
злой	собака
малиновый	рак
прямая	стрела
игривой	котенок
наглая	танк
доволен	удав
черствый	камень
важна	воздух
твердыми	камень
тяжелое	железо
гладкая	шелк
заспанный	медведь
естественным	дыхание
выжатый	лимон
выжатая	лимон
стара	мир
колючая	ёж
сладкого и прилипчивого	пастила
древняя	мир
жесткий	камень
белой	снег
холодна	лед
ажурные	кружево
необходимым	воздух
простоватый	шкаф
стар	мир
легкий	перышко
стара	мир
прост	трактор
прочным	дерево
стёкл	трезвышко
холодного	лед
честен	топор
тверда	скала
прозрачная	слеза
черные	сажа
доволен	слон
бесконечен	океан
холодный	лед
острых	лезвие
длинный	жердь
твёрдые	дерево
красная	кровь
холодной	кафель
здоров	бык
слеп	крот
глух	пень
гол	ню
сух	дым
мохнатой	як-истребитель
выжатым	лимон
лысый	коленка
тяжелой	камень
спокойна	удав
прозрачный	дуновение
нема	рыба
естественного	дыхание
нужна	воздух
белые	снег
старый	мир
накачаный	бык
крепкая	броня
доволен	слон
белые	снег
чистой	слеза
худющая	скелет
здоров	сволочь
здоровый	трактор
довольна	слон
быстрая	стрела
легкими	пушинка
белом	снег
густые	каша
здорова	космонавт
гол	сокол
довольна	слон
беззлобным	дитя
горячим	тибет
тощие	пух
пустой	штука
спокойные	тина
зол	лев
живуч	боров
довольная	слон
прост	кирпич
доволен	слон
древний	мир
довольна	слон
неповоротлив	слон
твердым	кусок
твердая	кусок
чёрные	смоль
черным	подрясник
красив	цветок
невинная	младенец
проста	карандаш
тверда	кремень
старо	мир
длинный	змей
стара	мир
трезвый	стекло
алый	кровь
ровного	стрела
стара	мир
довольна	слон
стары	мир
мокрая	мышь
крепки	сталь
прозрачен	слеза
плоская	доска
плоская	доска
необходим	воздух
прост	табурет
проста	апельсин
добрая	ангел
здоров	бык
острыми	бритва
проворного	молния
стара	мир
тягучая	мед
голубого	небо
белый	снег
старо	мир
сухими	лес
рада	ребенок
чисты	стеклышко
хитрый	обезьяна
доволен	слон
нежная	цветок
твердой	базальт
свежа	слеза
желтый	солнышко
кротким	ягнёнок
стар	мир
непредсказуемое	погода весной
прозрачным	слеза
мокрой	лягуша
необходимы	воздух
черный	смола
горячими	кипяток
старый	мир
лёгкую	пёрышко
мягкие	шёлк
тихий	воздух
большой	вселенная
нагая	дерево без вишни
спокойны	удав
здоров	бык
старо	мир
стара	мир
проста	мир
черный	уголь
мощного	медведь
ревнивый	сука
брезглив	падла
упрям	бык
готов	пионер
нужны	воздух
надежный	гора эверест
острым	бритва
рада	слон
нужна	воздух
старый	мир
прозрачные	стекло
нужны	воздух
черные	смоль
холодная	рыба
естественна	дыхание
надежен	танк
красив	бог
чистый	кристалл
необходимы	глоток
простой	мясорубка
полезный	бутылка
довольна	удав
черные	смоль
красивы	бог
прекрасны	бог
злая	чёрт
важна	вода
довольная	слон
древняя	человечество
острого	нож
бледная	смерть
вытянуто	струна
нужно	дождь
свободным	пушинка
горячий	огонь
холодной	лед
сильна	смерть
белый-белый	сметана
старой	мир
рыжий	апельсин
бодрый	огурчик
выжатые	лимон
старый	мир
холодной	лед
старый	мир
силен	бык
старой	мир
доволен	слон
старо	мир
плоская	доска
легка	пепел
необходим	воздух
чистое	слеза
худ	жердь
доволен	слон
стар	мир
злая	чорт
стара	мир
загорелая	мулатка
довольна	слон
непреодолимой	рок
стар	мир
многогранны	жизнь
твердых	камень
свободен	ветер
нужна	воздух и вода
важна	воздух
твердой	камень
тупой	топор
старо	мир
безмолвны	отчаянье
стара	мир
довольный	слон
сладка	изюм
трезвы	стёклышко
глух	пень
старой	мир
бедные	голь перекатная
черный	смоль
здоров	бык
счастлив	младенец
старый	мир
нужны	воздух
ослепительная	солнце
ясная	луна
доволен	слон
прозрачный	слеза
вязким	смола
стара	мир
белыми	снег
ясный	день
верный	таблица умножения
темным	обезьянка
голоден	волк
белым	полотно
черными	смоль
пышная	роза
довольна	слон
черный	смоль
прозрачны	стекло
бледен	смерть
бледный	полотно
легкий	перышко
счастливый	миллионер
черный	ночь
черен	ночь
слабый	курица
рыхлые	печенье
гладкая	стекло
черной	смоль
быстрые	вечер
черные	смоль
простой	устав вооруженных сил
рад	слон
прекрасна	богиня
стара	мир
черной	смоль
холодна	лед
чистая	слеза
доволен	слон
доволен	слон
надежна	танк
старо	мир
добра	смерть
черна	мать
довольная	слон
старых	мир
горячие	солнышко
необходима	воздух
острых	огонь
выжатыми	лимон
стара	мир
каменная	скала
вечная	мир
рада	дитё малое
сладкий	мед
белым	пудра
прекрасный	звезда
свободна	ветер
нужна	воздух
старой	мир
свободен	птица
здоровый	бык
внезапная	шишка
доволен	слон
черный	ворон
старый	мир
необходима	воздух
старо	мир
стара	мир
стар	мир
жестки	проволока
голубыми	небо
белый	снег
нужны	воздух
тяжелый	марафон
острым	бритва
медлительны	черепаха
старым	мир
стройной	скелет
прямым	планка
тяжелые	дуб
мрачный	туча
черные	смоль
агрессивные	стая бешеных собак
бодренький	огурчик
горячий	печка
черные	смоль
белого	сметана
белы	снег
здоров	бык
слаба	тростиночка
белые	снег
стара	мир
нужна	хлеб и вода
толстой	кожа носорога
доволен	слон
необходимы	воздух
необходим	воздух
вечная	мир
чистую	алмаз
легкую	перышко
бледная	вампирша
невинен	младенец
черной	смоль
выжатым	лимон
белый	простыня
нужна	воздух
древний	мир
тонюсеньким	иголочка
тоненькие	ниточка
упрямый	осел
крепкая	бык
круглые	блин
доволен	слон
солёном	вобла
твердой	скала
прозрачная	слеза
доволен	слон
старо	мир
чист	стекло
старом	мир
доволен	мамонт
могущественный	бог
сухая	камень
живучая	кошка
необходим	воздух
пусты	дым
смелая	лебедь
прозрачные	вода
чист	слеза
прозрачная	стекло
стары	мир
стара	мир
доволен	слон
доволен	слон
твердым	камень
сухая	сухарь
суетлив	муравейник
довольна	слон
глупа	пробка
хитра	лисица
темная	ноча
мягкий	пух
здоров	бык
глуп	пень
умная	собака
гладкий	шелк
белой	снег
довольна	слон
твердой	доска
нужны	воздух
прямой	столб
старой	мир
стара	мир
нужна	воздух
старого	мир
стары	мир
доволен	слон
необходим	воздух
твёрдого	дерево
стара	мир
древний	мир
здоров	бык
яркой	солнце
красный	рак
необходимы	воздух
плоская	доска
острых	бритва
белый	снег
стара	мир
гладенький	яичко
бледная	смерть
прямой	стрела
довольна	слон
злой	собака
злой	волк
дряхлый и глухой	пень
болен	собака
сладким	запах лилий
стара	мир
совершенным	бог
острых	бритва
старо	мир
спокойный	удав
хлёсткое	выстрел
худой	щепка
важен	пеликан
здоров	бык
стары	мир
рада	слон
здорова	вода
богата	земля
белая	смерть
прочным	танк
нем	рыба
счастлив	ребенок
проста	мир
чистый	кристалл
живой	жизнь
сухая	пух
проста	мир
гладкие	шелк
стара	мир
хрупкую	стебелек
старая	мир
древний	мир
сильный	океан
таинственный	глубокое озеро
живой	жизнь
живой	жизнь
старый	мир
старой	мир
страшен	огонь
бледная	смерть
старо	мир
старо	мир
чистенький	слеза
чистое	слеза
белый	снег
бледный	поганка
доволен	слон
белой	снег
надежная	скала
гладкая	скала
доволен	слон
проста	мир
стара	древность
плоский	стол
сильна	смерть
сильна	смерть
сильна	смерть
спокоен	удав
стары	мир
пустой	барабан
бесконечна	жизнь
сильна	смерть
черный	уголь
влюблен	мальчишка
здоров	лошадь
мягкий	воск
светел	дитя
доволен	слон
плоским	доска
резок	щелчок кнута
тонкие	ниточка
прямые	стрела
острых	лезвие
подвижная	ртуть
легкий	воздух
твердый	скала
живой	жизнь
живой	жизнь
живой	жизнь
безобразный	истина
бледного	поганка
прямая	луч
доволен	слон
довольная	слон
неподвижным	скала
доволен	слон
старо	мир
старо	мир
старых	мир
старо	мир
стара	мир
простой	угол дома
беспомощен	ребенок
черная	смоль
красный	рак
белая	смерть
плоской	стол
короткой	выстрел
простых	пень
неподвижен	скала
ласковым	телёнок
точна	молния
готов	штык
бледная	смерть
прозрачная	слеза
острый	монблан
просты	мир
мягкой	павлинье горло
узкий	футляр
радостен	ребенок
стара	мир
живой	жизнь
живой	жизнь
сладкая	мед
сладкой	мед
желанной	мед
горячая	утюг
доволен	слон
нужен	воздух
доволен	слон
довольна	слон
старые	жизнь
черный	смоль
черная	ночь
чистое	слеза
узкий	острие
сладка	вино
вечной	лестница
довольный	слон
чиста	слеза
стара	мир
выжатая	лимон
черным	сажа
легким	пушинка
невозмутимый	рептилия
бледная	смерть
тощий	щепка
белые	снег
тверда	алмаз
выжата	лимон
легкой	перышко
холодные	смерть
доволен	слон
прямые	стрела
довольная	слон
довольная	слон
чистое	лён
старо	брак
необходима	воздух
кристальная	сколок айсберга
стары	мир
крепка	дерево
острые	лед
прозрачный	слеза
старо	мир
доволен	слон
черствой	камень
старая	мир
гладкая	зеркало
твердых	камень
черен	смоль
доволен	ребенок
необходимы	воздух
черный	уголь
длинный	жердина
острому	бритва
старо	мир
белые	снег
стара	мир
стара	мир
красную	вино
оранжевую	апельсин
чистейшая	зеркало
толстый	шар
выжатый	лимон
мягкие	шелк
бледным	простыня
тяжелым	железо
стара	мир
прозрачный	хрусталь
нужны	воздух
легкой	ветер
счастлива	паровоз
вольны	ветер
доволен	слон
изменчивый	ветер
вкусный	человечина
доволен	слон
острым	меч
простого	карандаш
загорелая	шоколад
трезвым	стеклышко
горька	полынь
древний	мир
старая	мир
разряженным	кукла
чист	агнец
белый	смерть
старый	мир
стара	мир
мокрой	лягуша
белыми	свет
прозрачными	стекло
свободны	ветер
тупой	пробка
легкий	перышко
чёрные	мрак
довольна	слон
остер	бритва
нужна	воздух
бледен	мертвец
тверд	алмаз
холодными	лед
нежной	пух
холодна	лед
смирная	овечка
простых	палка
тощий	шепка
гладкой	шелк
верным	собака
сильным	мул
белой	снег
гибкие	резина
простое	топор
белой	снег
бледная	смерть
черного	смоль
мягкой	пух
красный	рак
стара	мир
бледное	болото
холоден	лед
черных	смоль
выжаты	лимон
стара	мир
сильного	железо
стройная	тростинка
красная	кровь
прекрасный	звезда
необходимы	воздух
чисты	слеза
воздушный	пачка
тверда	камень
прямым	палка
воздушная	зефир
доволен	слон
нем	рыба
довольная	удав
толстый	боров
довольная	слон
белый	снег
острый	бритва
твердой	алмаз
стара	мир
бледный	смерть
тончайшую	паутина
белые	снег
красный	кровь
стара	мир
прямой	стрела
старо	мир
черными	смоль
довольная	слон
спокойная	слон
стара	мир
старо	мир
легкой	пушинка
голубые	небо
стара	мир
проста	пень
стара	мир
гладкой	шелк
старо	мир
старый	мир
белые	снег
пустая	вата
твердая	камень
твердыми	камень
стары	мир
черной	смоль
стара	мир
мягкой	шелк
длинный	корабль
злая	собака
страшная	смерть
чёрные	ночь
серьезен	рак
нужен	воздух
старо	мир
худым	щепка
живой	жизнь
живой	жизнь
спокоен	танк
бледна	смерть
белый	ангел
нужны	воздух
прочной	бревно
рыхлым	медуза
ловкого	ягуар
скользкая	лед
неповоротлив	носорог
древний	человечество
необходима	воздух
надежен	скала
стар	мир
тверды	камень
зелёный	трава
синий	ночное небо 
красный	тревога
нужны	воздух
быстрые	молния
быстрые	молния
невинна	щеночек
лохматым	абориген
здоровая	лошадь
стройна	тополь
белых	снег
ровной	бревно
воздушная	суфле
стар	мир
черный	жук
бледных	полотно
рад	слон
стара	мир
гладкую	спокойствие
промезшая	бетон
красив	бог
тонка	паутина
блестящий	золото
скрюченная	буква
чудный	заря
тощий	спичка
слеп	крот
выжатый	лимон
туп	пробка
вечная	мир
стар	мир
необходимы	вода
красный	рак
свободны	ветер
нужны	воздух
здоров	бык
невинен	дитя
мягкого	глина
довольный	слон
выжатый	лимон
гигантские	парус
стар	мир
чистую	слеза
черной	смоль
гладкая	кость
надежный	молоток
старо	мир
легкая	бабочка
доволен	слон
голый	сокол
стройной	осина
упитанной	груша
хрупким	стекло
стройна	берёзка
устойчив	дуб
доверчивого	ребенок
необходим	воздух
старая	мир
прозрачен	стекло
чистой	слеза
слабым	тряпка
гладкая	шёлк
острые	бритва
белая	простыня
доверчивым	студентка
важны	вода
плоский	блин
довольна	слон
сильный	лев
белым	снег
доволен	слон
прозрачным	вода
довольна	слон
прост	топор
свободный	ветер
холодный	лёд
нужен	воздух
стара	мир
тупой	осёл
живой	жизнь
постоянен	скала
могучая	слон
зол	собака
легкой	дуновение
стара	мир
кроток	ягненок
кроток	ягненок
слеп	ягненок новорожденный котенок 
надежный	кувалда
огромна	море
любопытен	ребенок
старой	мир
стара	мир
мягкой	бархат
гладкой	бархат
давольна	паравоз
старой	мир
старом	мир
глупа	пёс
стары	мир
стара	мир
мягким	воск
слепа	крот
доволен	слон
нужна	воздух
стара	мир
живой	жизнь
упрямый	баран
гладкие	зеркало
нужны	воздух
чиста	слеза
стары	мир
глупый	пробка
нужны	воздух
черными	смоль
мягкие	облако
старой	мир
старые	мир
стара	мир
ровные	зеркало
мелкий	пыль
могуч	дерево
старые	мир
доволен	слон
стара	мир
яркие	карнавал
тонкий	спичка
стар	мир
свеженький	огурчик
вольна	птица
прекрасна	цветок лотоса
счастлива	слон
белый	полотно
неприступный	скала
старом	мир
вечные	земля
трердая	кость
стара	мир
старо	человечество
белые	снег
твердые	камень
старо	мир
необходим	воздух
легкий	перышко
стара	мир
твердая	камень
извилисты	спираль
стройная	газель
белой	снег
стара	мир
стара	мир
нужна	воздух
старого	мир
старо	мир
старых	мир
нужны	воздух
бесконечным	мир
черного	смоль
нужны	воздух
нужен	воздух
влюблена	кошка
упёртым	трактор
туп	пробка
шустрый	вжик
старо	мир
тверды	сталь
теплая	любовь
загадочная	мираж
старый	мир
нужны	воздух
необходимы	воздух
доволен	слон
нужен	жизнь
доволен	слон
вечное	жизнь
доволен	слон
худым	жердь
стара	мир
сухой	песок
прямой	стрела
доволен	слон
стара	мир
старо	мир
красный	рак
красный	рак
тверд	железо
красной	рак
нужна	воздух
заняты	пчелка
стара	мир
упрямый	осел
доволен	слон
спокойный	слон
проворному	понос
старо	мир
забугорный	чёрт
тонкой	тростинка
надежен	холод
несокрушим	пламя
стары	мир
стара	мир
простое	дверь
нежная	шелк
доволен	слон
старо	мир
стар	мир
доволен	слон
довоьна	слон
доволен	слон
вялая	вафля
доволен	слон
прост	топор
стара	мир
шершавой	терка
важна	воздух
доволен	слон
тоненькое	паутинка
белыми	молоко
старый	мир
грязный	черт
прозрачные	стекло
крепкой	бетон
ласковый	котенок
большой	медведь
довольна	слон
прост	автомат калашникова 
красива	солнце
острые	лезвие
крепкими	сталь
зеленое	слизь
твердой	камень
прозрачен	стекло
старо	мир
старо	мир
старо	мир
старой	мир
нужна	воздух
тяжелой	чугун
красенькая	помидор
темна	вода
длинный	змея
белому	порох
тверда	скала
мягкие	шелк
красивая	радуга
белые	снег
прост	вселенная
худенькая	тростинка
белые	снег
бледна	мел
белых	снег
холодных	снег
черная	смоль
горячий	сковородка
древнее	мир
нужен	воздух
довольна	слон
загадочный	ночь
холодный	лед
здоров	бык
свеж	огурчик
проста	мир
необходима	воздух
довольная	слон
довольна	слон
стары	мир
довольна	слон
крепким	орех
крепкой	орех
здоров	пионер
вязкой	деготь
белые	сахар
черна	смоль
быстрый	молния
доволен	слон
довольная	слон
стара	мир
необходимы	воздух
доволен	слон
стара	мир
сильный	бык
стара	мир
черная	сажа
вечная	жизнь
стара	мир
чист	слеза
крепкая	коньяк
игривая	шампанское
сочная	персик
сочная	персик
крепкая	коньяк
прямая	стрела
красная	помидор
беспристрастен	судья
нужны	воздух
натуральный	воздух
реальны	воздух
непоколебим	скала
нежный	шелк
черные	смоль
старо	мир
черной	смоль
старые	мир
необходим	воздух
неотвратимое	смерть
неотвратимые	смерть
желанная	шоколад
нежный	пушинка
естественное	чихание
белой	снег
чистую	слеза
стар	мир
надежная	автомат калашникова 
кроток	ягненок
светлый	дымка
крепкий	камень
удачлив	адвокат
белы	снег
стара	мир
свеж	поцелуй
черные	уголь
доволен	слон
простая	жвачка
просты	яйцо колумба 
белый	мел
вечный	камень
чистый	слеза
проста	табуретка
мягким	бумага
свободным	вода
мокрым	цуцик
мягкий	губка
старо	мир
надежный	скала
довольна	слон
доволен	удав
красив	роза
древний	мир
плоски	панель
ровное	струна
яркими	радуга
мощными	тигр
необходима	воздух
белом	сахар
хитрый	лиса
холодной	лед
прочным	скала
жёлтый	вечность
древней	мир
твердая	камень
прозрачны	стекло
нема	рыба
прямой	палка
красная	рак
прозрачное	слеза
нежная	пух
старая	мир
счастлив	ребенок
белым	снег
черных	смоль
спакойный	танк
прямые	меч викинга 
тонкий	бумага
прозрачный	стекло
белый	нефрит
слеп	крот
подвижным	капля ртути 
бледная	полотно
мягкий	бархат
прямой	струна
изящным и грациозным	француз
любопытна	кошка
мелодичные	джаз
яркий	солнце
черный	смоль
крепкий	камень
жирная	хрюша
черные	смоль
старые	мир
сухие	солома
твёрдой	алмаз
спокоен	танк
злой	собака
бесконечна	вселенная
доволен	слон
старая	мир
мощную	ураган
крепки	гора
старой	мир
трезвы	стёклышко
незаметные	ночь
тверда	камень
прозрачный	слеза
крепкий	кулак
страшная	смерть
бледный	смерть
прямых	солома
древний	мир
гладких	зеркало
нужна	воздух
тонкие	бумага
хрупкие	стекло
прочна	скала
гладкой	шелк
бледная	мел
выжатая	лимон
сверкающая	лед
мягкая	снег
крепкий	дуб
прямой	палка
проста	табуретка
вороными	смоль
ясными	день
крепкий	скала
обаятельный	черт
древней	мир
старая	мир
доволен	слон
довольна	слон
свободна	птица
сладкой	малина
мягкая	хлопок
черная	смоль
ядовитый	гадюка
чист	агнец
прямому	стрела
красное	помидор
темным	вино
необходима	воздух
крепкие	железо
довольный	слоник
гладкое	зеркало
яркие	жизнь
прост	магнитофон
чистое	мечта
хрупкое	крыло бабочки 
опасное	нож из тьмы
старо	мир
мягкий	пух
широкая	мир
тоненькая	пергамент
чист	голубь
древен	мир
белый	полотно
древним	мир
черным	смоль
огромная	гора
круглой	яйцо
бледны	полотно
тверды	сталь
черный	смоль
тощий	жердь
быстрой	ветер
спокойной и мягкой	вода
жесткой	земля
выжатыми	лимон
старо	мир
зол	черт
пьян	стелька
черными	смоль
черной	смоль
прямая	палка
прямая	палка
прост	пробка
красивая	богиня
чист	воздух
старые	мир
прозрачные	стекло
плоский	лещ
довольная	слон
легкий	перышко
стара	мир
стар	мир
старо	мир
жесткими	щетина
доволен	слон
жесткий	камень
упругий	пластик
гладкой	стекло
пламенный	юноша
необходима	воздух
проста	карандаш
необходимы	воздух
крепкими	железо
тихий	тень
синие	небо
прямой	стрела
страшный	черт
ласковый	теленок
доволен	свинья
острые	бритва
холодных	лед
бодрым	огурец
древний	мамонт
воздушный	облако
древнего	мир
выжата	лимон
чистые	слеза
твердый	кремень
легкий	кисея
синими	море
стара	мир
старо	мир
жидкая	вода
прямым	струна
доволен	удав
стара	мир
черными	смоль
ровной	стол
трезв	стеклышко
белой	снег
трезв	стекло
белой	снег
доволен	слон
необходимы	воздух
прозрачный	стекло
старой	мир
острыми	лезвие
бледный	смерть
острым	нож
прозрачен	слеза
чист	любовь
злая	сабака
проста	мир
органичен	рыба в воде
твердый	скала гибралтара 
прозрачная	стекло
проста	стеклышко
старые	мир
нереально	сон
белого	мука
стройным	тростинка
белыми	свет
узкому	бритва
невинна	ребенок
трезвы	стеклышко
чёрная	ночь
смирный	теленок
хмур	ночь
древне	мир
прозрачны	стекло
старо	мир
искренен	ребенок
искренен	ребенок
нужна	воздух
чистую	слеза
естественны	дыхание
постепенным	улитка
стремительным	метеор
чистые	слеза
глубокого	сажа
безупречной	фарфор
тверд	камень
черные	ночь
острым	бритва
бледным	бумага
холодна	лед
голубого	лед
холодна	лед
прекрасна	ангел
яркую	барбарис
беспомощен	птичка
бледное	смерть
нужны	воздух
дырявый	дуршлаг
бескрайнее	океан
здоров	слон
быстр	ягуар
чист	ангел
учтивая	стюардесса на иностранных авиалиниях
легкие	пушинка
холодный	лед
древнего	мир
крепка	камень
старая	мир
белая	мел
доволен	слон
нужна	воздух
старый	мир
нужна	воздух
холодные	дождь
колючей	елка
силён	медведь
твердые	камень
белая	снег
нужны	воздух
горячий	огонь
чист	стеклышко
белой	молоко
темны	смоль
скучной	чёрт
изворотливый	змея
плоском	поднос
оборванный	бродяга
старо	мир
стары	мир
твердый	камень
гладкие	зеркало
вольный	ветер
мягкая	шелк
грязный	черт
упрямый	ишак
стара	мир
быстрым	ветер
надежен	автомат калашникова 
надежен	автомат калашникова 
чистая	слеза
бледное	смерть
старо	мир
чистейший	кокаин
стары	мир
довольная	слон
наивная	ребенок
любопытная	кошка
белым	снег
проста	мир
проста	палка
прочными	камень
холоден	лед
простые	мир
доволен	слон
вязкой	глина
быстрая	ветер
наивна	человек
выжатая	лимон
старая	мир
необходим	воздух
необходимы	воздух
стара	мир
стара	мир
здоров	бык
старо	мир
живуч	кошка
необходим	воздух
гладкой	мрамор
счастлив	слон
тяжелый	черт
злая	черт
черной	смоль
мокрый	чушка
старой	мир
стара	мир
нужны	воздух
сухой	жердь
вкусна	сахар
доволен	слон
веселый	дитя
необходимы	воздух
гладкая	лед
туп	дерево
твердого	кремень
трезв	стеклышко
старо	мир
могучий	дуб
иссиня-черный	смоль
плоский	лещ
бледная	поганка
черный	ночь
белые	снег
мягкая	шелк
черных	сажа
теплом	молоко
старой	мир
нужен	воздух
чистое	слеза
наивен	свинья
острая	игла
острых	бритва
невинна	овечка
плоская	досточка
спокоен	слон
черными	ночь
необходимы	воздух вода и свет
стара	мир
старая	мир
стар	мир
твёрд	гора
нужны	воздух
тверд	алмаз
хрупкой	хрусталь
прочной	сталь
лeгким	пух
упертый	баран
прекрасна	жизнь
старой	мир
рад	слон
красный	рак
стара	мир
холодны	лед
нужна	воздух
черный	смоль
гладкими	шелк
просты	мир
холодна	лед
стара	мир
мягкой	шелк
живой	жизнь
необходима	воздух
прозрачны	слеза
тончайших	паутинка
прозрачные	лед
стары	мир
сушеная	вобла
быстрые	молния
свободен	ветер
проста	валенок
серой	мышь
древнее	мир
нужен	воздух
довольна	слон
красный	рак
трезв	стекло
счастлива	слон
вольная	птица
вольная	птица
быстрый	ветер
спокойный	лес
беспощадный	огонь
непоколебимый	гора
коварное	царица
загадочное	взгляд сфинкса
сытном	хлеб
нужна	воздух
огромной	город
прямая	стрела
лёгким	пёрышко
стара	мир
большая	мироздание
стары	мир
злой	собака
старая	мир
необходим	воздух
элегантный	рояль
элегантный	рояль
довольная	слон
доволен	слон
ровной	зеркало
крепка	смерть
острого	ад
мягкий	пух
необходим	воздух
надежный	стена
необходим	хлеб
стара	мир
круглый	шар
бледен	полотно
бледен	смерть
гладкий	шелк
бледная	смерть
трезвыми	стеклышко
прозрачный	хрусталь
легкой	пушинка
трезв	стёклышко
сильный	бык
храбрый	волк
черным	сажа
холодными	лед
необходим	воздух
безграничны	небо
стары	мир
старый	мир
быстрым	стрела
старая	мир
холодна	лед
холодны	лед
живая	ртуть
тверд	скала
старый	мир
холодна	лёд
чумазый	чёрт
тверд	скала
нужны	воздух
прямолинейной	меч самурая 
быстрые	ветер
необходимы	воздух
простодушна	ребёнок
нататуированный	папуас
тонкий	шелк
оранжевую	солнышко
стара	мир
довольна	слон
текучая	вода
стара	мир
черных	смоль
быстрый	молния
красна	кровь
стара	мир
выжатый	лимон
старые	мир
дырявая	решето
гибкого	кошка
старый	мир
нужна	воздух
стара	мир
твёрдый	алмаз
прекрасна	королева
подвижен	подросток
темной	ночь
светлая	солнце
спокойным	масло
естественна	дыхание
прост	яишница на завтрак
пьян	свинья
пьян	свинья
пьян	медведь
нужны	воздух
стара	мир
прочный	камень
прямой	стрела
нужна	воздух
холодная	лёд
здоровый	лошадь
пьяный	паровоз
крепким	кремень
чёрные	ночь
прозрачного	слеза
бледен	смерть
бледный	полотно
надежен	автомат калашникова 
необходимых	воздух и вода
огромным	медведь
старая	мир
стары	мир
бесформенным	вода
старый	мир
сладкий	мед
нужны	воздух
тонкому	тростинка
прямую	стрела
холодный	лед
сильный	орел
невинным	новорожденный младенец
прямой	стрела
ясная	кристалл
крепок	дуб
упрям	вол
здоров	бык
стара	мир
холодная	труп
стара	мир
злая	собака
кроткого	овечка
стара	мир
острые	бритва
чистым	ребёнок
древний	мир
твердое	кремень
прочными	камень
холодным	лед
черный	смоль
стара	мир
старый	мир
нужна	воздух
вечные	мир
нужен	воздух
жесткая	деревяшка
необходима	воздух
стара	мир
тупая	пробка
вечный	мир
белыми	свет
доволен	слон
старо	мир
доволен	жук
мягкие	пух
доволен	слон
старо	мир
мягкой	пух
старо	мир
костлявой	модель
стары	мир
плоского	блин
чиста	слеза
черную	смоль
мрачный	туча
черной	смоль
бледная	смерть
свежей	персик
нежной	перышко
свободный	ветер
стройная	кипарис
белые	молоко
необходим	воздух
бледен	мертвец
застывшему	манекен
прекрасным	венеция
довольная	удав
стара	мир
целеустремленным	снежинка
легким	пух
стара	мир
туп	пробка
сильна	смерть
сильна	смерть
нужен	воздух
сильна	смерть
желанное	свет
многогранна	бриллиант
доволен	слон
доволен	слон
жесткие	деревяшка
мягким	шёлк
необходимы	воздух
довольна	слон
холодным	лед
бледный	полотно
стара	мир
стар	мир
необходимы	воздух
красная	рак
стара	мир
черный	деготь
старо	мир
круглые	солнце
незаменима	воздух
стара	мир
пьяная	свинья
довольна	слон
стары	мир
блудлив	кот
труслив	заяц
блудлив	кот
труслив	заяц
доволен	слон
белыми	свет
необходим	воздух
мирные	пучок
острыми	бритва
грациозна	кошка
худому	щепка
старая	мир
стара	мир
тонкой	спичка
старая	мир
стары	мир
силен	слон
подвижен	ртуть
острый	бритва
легкой	туман
чисты	младенец
холодна	лед
доволен	слон
нужен	воздух
голоден	волк
худой	жердь
прекрасна	женщина
довольна	слон
прозрачный	вода
необходим	воздух
глубокий	море
легкий	перышко
живой	жизнь
рыжие	морковка
сладкий	мечта
злой	собака
доволен	слон
плоским	доска
толстый	паровоз
старо	мир
старая	мир
прекрасны	как бутон розы сверкающий каплями росы 
прекрасны	как бутон розы сверкающий каплями росы 
прекрасны	как бутон розы сверкающий каплями росы
прекрасны	как бутон розы сверкающий каплями росы
прекрасны	как бутон розы сверкающий каплями росы
красным	рак
старый	мир
старо	мир
голоден	волк
красивой	восход солнца
совершенен	бог
совершенна	богиня
тонка	ручиёк
прочен	дуб
здоров	бык
острые	бритва
древнем	мир
спокойный	удав
богат	крез
холодный	камень
белые	мел
гладкой	шелк
красива	богиня
непреступная	скала
нужны	воздух
старо	мир
древнему	мир
нужны	воздух
проста	дверь
доволен	слон
доволен	слон
чёрной	смоль
старая	мир
здоров	конь
тверд	алмаз
прозрачной	слеза
горьких	полынь
доволен	слон
горячая	солнце
сильна	смерть
необходима	воздух
старо	человечество
прозрачная	вода
черные	сволочь
твердых	камень
быстрые	молния
спокойна	удав
нужна	воздух
стройная	березка
злой	чорт
естественна	дыхание
естествен	дыхание
лёгким	пёрышко
надежен	скала
живой	мешок картошки
старая	мир
пушистый	снег
твердым	камень
старо	мир
спокойный	танк
ласковое	кошка
доволен	слон
труслив	заяц
тверда	сталь
одинок	перст
чёрные	уголь
белой	снег
румяной	кровь
плоские	доска
зол	черт
надежная	автомат калашникова
проста	рубль
белый	стена
доволен	удав
здоров	космонавт
здоров	космонавт
стара	мир
необходима	воздух
чист	слеза
доволен	слон
бледная	смерть
нужны	воздух
стройный	карандаш
голоден	зверь
гладкий	мрамор
бледный	смерть
прозрачный	слеза
прозрачной	вода
спокойный	удав
рад	слон
густым	молоко
стройная	оленёнок
красная	рак
красным	плоть
остра	сталь
старой	мир
необходим	воздух
спокоен	удав
круглая	шар
прочным	скала
квадратная	наволочка
элегантный	рояль
злой	собака
свирепый	шакал
чёрное	смоль
белый	мука
чёрными	уголь
чёрными	смоль
бел	снег
бел	снег
бел	снег
хрупкий	стекло
проста	пряник
чист	младенец
старая	мир
холодный	железо
черным	смоль
прост	автомат калашникова
стара	мир
прямая	стержень
твердым	камень
бледной	приведение
острый	бритва
здоров	бык
огромное	небо
старо	мир
невидимые	воздух
довольный	слон
твердые	деревяшка
тонком	лист
умен	черт
мягок	воск
красная	рак
блистающими	огонь
сильная	кобыла
довольный	слон
упёртый	баран
плоская	блин
крепок	сталь
широким	мир
пьян	павиан
тоненькая	спичка
старая	мир
бездонны	вселенная
белый	снег
твердым	камень
прозрачна	слеза
острыми	бритва
стара	мир
довольна	слон
кристальное	слеза
крепкие	сталь
выжатыми	лимон
выжатыми	лимон
упрямая	танк
черную	смола
пустынном	кастрюля
рад	слон
здоров	бык
безжалостная	зверь
безжалостная	зверь
безжалостная	зверь
доволен	слон
белый	снег
белый	полотно
прекрасная	луна
блистающая	заря
светлая	солнце
прекрасная	луна
светлая	солнце
прямой	палка
мрачный	туча
прекрасную	заря
твердыми	камень
стара	мир
длинного	кнут
стройные	барби
голый	барабан
черный	ночь
сладкий	грех
необходимы	воздух
спокойна	удав
легки	перышко
гибки	лоза
нужна	воздух
страшной	жаба
злая	волчица
стар	мир
белый	голубь
белый	голубь
необходима	воздух
бледен	воск
злой	собака
голодный	волк
доволен	слон
белые	снег
рад	слон
легкое	пушинка
трезвым	стеклышко
весомых	гранит
неоднозначной	осень
лысые	коленка
прочной	камень
стара	мир
необходимы	воздух
крепки	вино
белый	снег
пустые	барабан
довольный	слон
податливой	пластилин
твердым	кремень
быстрый	мышь
простая	книга
красная	бурак
красное	мак
мягкий	облако
угрюмая	собака
стабилен	черт
черный	цвет
надёжный	поляк
нежной	цветок
сладкие	мед
здоровы	бык
свободным	птица
чистого	слеза
белый	снег
необходим	воздух
живой	жизнь
твёрдой	сталь
старый	мир
вечен	мир
спокойная	удав
черный	черт
чистой	роса
черные	уголь
нужен	воздух
необходима	воздух
зыбком	колебание воздуха
необходим	воздух
старая	мир
огромным	гора
прозрачна	слеза
спокоен	вода
твердым	камень
прекрасны	прекрасны как богиня любви афродита 
яркая	солнышко
чистейшее	слеза
покорная	рабыня
старый	мир
неуклюж	слон
довольна	слон
седым	лунь
черных	смоль
черными	смоль
холодный	лед
нужен	воздух
стара	мир
худой	швабра
нужны	воздух
довольна	слон
белый	сахар
крепки	скала
простым	дыхание
необходимы	воздух
крепок	дуб
тягучий	сгущенка
мудр	змий
чист	чист
доволен	слон
красив	бог
радостный	песня
стремительный	звон стрелы или полёт скакуна
прост	угол стола
черными	сажа
серыми	пепел
огромные	гора
голодной	черт
здоров	бык
нежные	шелк
мягкая	шелк
элегантная	цветок
режущий	бритва
стара	мир
гладкой	шелк
стара	мир
прозрачна	слеза
быстрая	свет
необходимы	воздух
довольна	слон
хрупкими	стекло
старый	мир
подвижные	ртуть
доволен	слон
черными	уголь
старом	мир
быстрого	ветер
вечны	мир
нежный	дыхание
белой	привидение
бледная	лостос
черный	уголь
лысая	свинка
старо	мир
пустым	смерть
тупой	пробка
жаркая	африка
изъезженная	европа
крутая	америка
заброшенная	антарктида
черная	ночь
проста	тетрис
свободны	муха в полете
довольна	слон в тазике
чистую	слеза
красный	рак
старо	мир
белый	мел
жесткие	солома
доволен	слон
зеленые	трава
белое	снег
боязлив	заяц
богат	крез
выжаты	лимон
нужен	воздух
доволен	поросенок
острая	нож
злой	собака
красного	кровь
белого	молоко
красивой	звезда
напорист	бульдог
тонкие	паутина
прекрасный	бог
черными	ночь
спокойными	бездна
необходим	воздух
спокойный	удав
глухой	столб
черными	сажа
злой	бультерьер
широкую	море
старо	мир
прозрачными	стекло
душистая	роза
душистая	роза
древний	мир
старо	мир
твердой	гранит
густой	мед
легкий	пушинка
чист	стеклышко
чист	стеклышко
беден	мышь
беспомощен	ребёнок
храбрый	медведь
храбрый	медведь
сильный	лев
сильный	лев
тощий	жердь
чумазый	чёрт
чисты	ребенок
бледные	мел
прочны	скала
тонкие	бумага
холодны	айсберг
чистая	слеза
злой	черт
старая	мир
необходима	воздух
белые	снег
старо	мир
сильный	бог
крепкий	камень
старо	мир
черного	смоль
стара	мир
тяжел	жернов
стремительный	комета
холодный	лезвие
бледный	мел
послушным	ягненок
стар	мир
жарким	огонь
древнее	мир
нужен	воздух
глухие	пень
скользок	угорь
остер	скальпель
довольна	слон
прозрачное	стекло
необходимы	воздух
красная	помидор
старый	мир
стара	мир
нужна	ветер
грациозный	лев
чуткий	пантера
ловкий	ягуар
живуча	кошка
спокойный	танк
необходимы	воздух
стара	мир
прозрачна	слеза
стара	мир
быстр	ракета
точенная	статуэтка
довольная	слон
острые	нож
старых	мир
безумен	шляпник
острого	скальпель
невинный	ребенок
стара	мир
стара	мир
старо	мир
стара	мир
стары	мир
прочный	танк
чёрный	ночь
старой	мир
старых	мир
чисты	стеклышко
старо	мир
белым	кролик
наглый	баран
прямой	лом
счастлив	ребенок
спокойный	удав
ровная	стрела
острые	бритва
быстрый	молния
невинна	капля росы по утру
живой	жизнь
старой	мир
легкая	перышко
необходима	воздух
старым	мир
тонкий	нитка
красный	кровь
голодная	зверь
гладкая	стекло
мягкий	сахар
прекрасны	бутон розы
легкую	облако
доволен	слон
чистым	слеза
огромная	океан
острыми	бритва
черный	уголь
необходимой	воздух
сильна	смерть
прозрачна	слеза
необходим	воздух
твердым	скала
невинна	душа
бледный	мертвец
стара	мир
свободна	птица
гладкими	шёлк
довольна	слон
упрямая	стадо
выжатая	лимон
яркая	день
необходим	воздух
слабым	котенок
простая	валенок
твёрд	камень
холодный	лед
холодный	лед
красивой	звезда
прост	валенок
довольна	удав
довольна	слон
силен	лошадь
прост	валенок
счастлив	слон
стары	мир
черный	смоль
тяжёлая	железо
искренен	ребёнок
маленький	мышка
желтый	одуванчик
пушистый	облачко
необходимы	воздух
рада	слон
огромная	кобыла
гладких	зеркало
важна	воздух
плотный	асфальт
скрипучий	сахар
плотный	асфальт
скрипучий	сахар
богат	крез
прямой	стрела
игривую	дитя
острый	бритва
нужны	воздух
довольна	слон
стара	мир
древняя	мир
сильна	смерть
сильна	смерть
сильна	смерть
твёрдые	камень
трезв	стеклышко
надежный	автомат калашникова
острые	бритва
быстрым	молния
здоровы	бык
яркий	огонь
чиста	слеза
доволен	слон
старый	мир
злой	собака побитая
здоровый	конь
доволен	слон
стара	мир
чумазый	трубочист
необходим	воздух
нужны	воздух
ровной	стол
черный	смоль
спокоен	танк
нужен	воздух
красный	помидор
легкая	облако
прозрачная	лед
стары	мир
довольна	слон
довольна	слон
легким	пух
проста	мир
необходима	воздух
старо	мир
стройной	газель
активны	ураган
